City_ID,City,Lat,Lng,Max Temp,Humidity,Cloudiness,Wind Speed,Country,Date
0,lebu,-37.6167,-73.65,139.92222222222225,91,25,4.29,CL,1680940476
1,santa elena,-2.2333,-80.85,148.1222222222222,80,82,0.64,EC,1680940236
2,langres,47.8333,5.3333,137.77777777777777,84,7,2.96,FR,1680940477
3,shestakovo,56.4915,103.96,130.65,56,100,4.35,RU,1680940477
4,new norfolk,-42.7826,147.0587,139.92777777777778,67,17,1.79,AU,1680940477
5,ushuaia,-54.8,-68.3,136.08888888888887,75,20,1.54,AR,1680940478
6,ballymena,54.8636,-6.2763,138.92777777777778,78,100,4.41,GB,1680940243
7,vanimo,-2.6741,141.3028,148.1277777777778,89,100,0.86,PG,1680940478
8,sao joao da barra,-21.6403,-41.0511,146.44444444444446,89,100,4.85,BR,1680940479
9,harper,4.375,-7.7169,148.79999999999998,85,97,2.4,LR,1680940479
10,jimma,7.6667,36.8333,148.07777777777778,49,41,1.04,ET,1680940479
11,hasaki,35.7333,140.8333,141.44444444444446,78,97,11.81,JP,1680940480
12,abha,18.2164,42.5053,145.58333333333334,49,40,5.14,SA,1680940183
13,punta arenas,-53.15,-70.9167,137.33888888888887,75,40,9.26,CL,1680940481
14,atuona,-9.8,-139.0333,149.17777777777778,74,8,7.56,PF,1680940481
15,ribeira brava,32.65,-17.0667,143.61111111111111,67,62,1.75,PT,1680940481
16,santa catalina,9.3337,122.8637,151.7444444444444,70,85,1.51,PH,1680940481
17,half moon bay,37.4636,-122.4286,140.7722222222222,87,100,3.09,US,1680940318
18,rikitea,-23.1203,-134.9692,147.67777777777778,69,37,5.99,PF,1680940482
19,castro,-24.7911,-50.0119,142.60000000000002,98,100,2.36,BR,1680940482
20,busselton,-33.65,115.3333,145.2111111111111,52,26,8.51,AU,1680940483
21,togur,58.3631,82.8265,131.6277777777778,64,100,7.21,RU,1680940483
22,airai,-8.9266,125.4092,143.47222222222223,90,100,1.26,TL,1680940483
23,dangriga,16.9692,-88.2321,147.80555555555554,81,1,4.54,BZ,1680940484
24,puerto ayora,-0.7393,-90.3518,147.4111111111111,91,100,1.02,EC,1680940484
25,sheridan,44.8333,-106.9173,136.5388888888889,75,0,1.54,US,1680940485
26,mataura,-46.1927,168.8643,138.57222222222222,91,43,0.99,NZ,1680940486
27,roblin,51.23,-101.3565,130.84444444444443,92,74,5.16,CA,1680940486
28,rossland,49.0831,-117.8022,135.4,71,100,0.33,CA,1680940487
29,qaanaaq,77.484,-69.3632,118.05555555555556,64,0,3.12,GL,1680940487
30,tiksi,71.6872,128.8694,126.19444444444444,80,32,9.94,RU,1680940488
31,ahipara,-35.1667,173.1667,142.22222222222223,81,1,2.11,NZ,1680940488
32,sitka,57.0531,-135.33,136.1611111111111,81,40,2.06,US,1680940488
33,nagato,34.3833,131.2,140.78333333333336,45,1,6.6,JP,1680940216
34,yaan,7.3833,8.5667,149.93888888888887,65,100,4.22,NG,1680940489
35,torrox,36.7579,-3.9523,144.4388888888889,55,2,1.34,ES,1680940303
36,havelock,34.8791,-76.9013,140.63333333333333,92,100,8.23,US,1680940490
37,kununurra,-15.7667,128.7333,153.96666666666664,44,40,3.6,AU,1680940490
38,alenquer,-1.9417,-54.7383,146.40555555555554,96,84,1.19,BR,1680940490
39,cayenne,4.9333,-52.3333,145.65,100,20,0.51,GF,1680940478
40,nouadhibou,20.931,-17.0347,143.4111111111111,88,79,6.17,MR,1680940491
41,dumas,35.8656,-101.9732,137.53333333333333,32,0,3.09,US,1680940492
42,codrington,-38.2667,141.9667,141.15555555555554,68,95,9.44,AU,1680940492
43,lasa,46.6166,10.7002,139.2277777777778,76,87,2.48,IT,1680940492
44,chokurdakh,70.6333,147.9167,122.93333333333334,96,55,2.97,RU,1680940492
45,piro,25.3333,84.4167,155.11666666666667,9,100,6.63,IN,1680940493
46,hovd,48.0056,91.6419,140.38888888888889,19,58,11.66,MN,1680940493
47,mahebourg,-20.4081,57.7,150.40555555555557,70,40,4.12,MU,1680940494
48,canandaigua,42.8742,-77.288,133.89999999999998,81,6,1.6,US,1680940385
49,yellowknife,62.456,-114.3525,134.13333333333333,86,40,4.12,CA,1680940495
50,ballina,-28.8667,153.5667,147.1777777777778,43,0,5.9,AU,1680940380
51,hilton head island,32.2163,-80.7526,143.53333333333336,89,100,5.14,US,1680940312
52,albany,42.6001,-73.9662,133.77777777777777,71,65,2.8,US,1680940343
53,buraydah,26.326,43.975,148.0,27,91,4.35,SA,1680940496
54,husavik,66.0449,-17.3389,136.00555555555556,94,100,3.65,IS,1680940496
55,ucluelet,48.9329,-125.5528,138.62777777777777,87,100,1.79,CA,1680940497
56,nishihara,26.1842,127.7558,145.53333333333333,48,75,10.29,JP,1680940497
57,tasiilaq,65.6145,-37.6368,133.26666666666668,94,100,18.91,GL,1680940498
58,bluff,-46.6,168.3333,140.90555555555557,76,4,2.46,NZ,1680940498
59,iqaluit,63.7506,-68.5145,120.0,70,20,6.69,CA,1680940232
60,kutum,14.2,24.6667,150.19444444444446,8,20,4.27,SD,1680940499
61,ryotsu,38.0833,138.4333,138.67222222222225,47,30,9.43,JP,1680940499
62,labytnangi,66.6572,66.4183,128.92222222222222,90,100,6.35,RU,1680940499
63,fortuna,40.5982,-124.1573,138.5222222222222,94,90,2.22,US,1680940500
64,mar del plata,-38.0023,-57.5575,142.64444444444445,56,40,3.13,AR,1680940486
65,aklavik,68.2191,-135.0107,120.05000000000001,100,100,1.77,CA,1680940500
66,hobart,-42.8794,147.3294,140.0388888888889,69,40,8.23,AU,1680940501
67,lata,40.1629,-8.3327,143.02777777777777,49,91,0.92,PT,1680940502
68,khani,41.9563,42.9566,136.61666666666667,98,100,1.71,GE,1680940502
69,avera,33.194,-82.5271,139.02777777777777,92,100,5.88,US,1680940502
70,palu,-0.8917,119.8707,149.77777777777777,79,22,2.02,ID,1680940503
71,kruisfontein,-34.0033,24.7314,143.81111111111113,63,100,4.64,ZA,1680940503
72,chuy,-33.6971,-53.4616,142.5111111111111,87,1,0.81,UY,1680940503
73,grindavik,63.8424,-22.4338,138.39999999999998,93,75,13.38,IS,1680940504
74,tumut,-35.3,148.2167,141.50555555555556,71,16,5.34,AU,1680940504
75,kavieng,-2.5744,150.7967,148.11111111111111,91,100,4.34,PG,1680940505
76,saldanha,-33.0117,17.9442,143.43333333333334,73,100,8.3,ZA,1680940505
77,okhotsk,59.3833,143.3,129.60555555555555,74,0,1.31,RU,1680940505
78,bethel,41.3712,-73.414,135.82777777777778,55,0,4.12,US,1680940506
79,storslett,69.7678,21.0247,135.63888888888889,81,100,2.57,NO,1680940506
80,ulladulla,-35.35,150.4667,145.0388888888889,54,95,2.92,AU,1680940507
81,moose factory,51.2585,-80.6094,131.75,54,75,4.63,CA,1680940507
82,upernavik,72.7868,-56.1549,117.2611111111111,98,76,5.6,GL,1680940399
83,durango,24.8333,-104.8333,139.84444444444446,41,0,1.68,MX,1680940387
84,nikolskoye,59.7035,30.7861,138.85000000000002,73,6,1.44,RU,1680940508
85,muros,42.7762,-9.0603,142.1222222222222,63,100,1.83,ES,1680940508
86,nalut,30.3333,10.85,141.7555555555556,59,0,8.06,LY,1680940509
87,wajima,37.4,136.9,139.73888888888888,46,40,4.63,JP,1680940509
88,hermanus,-34.4187,19.2345,141.93333333333334,67,100,2.7,ZA,1680940510
89,bredasdorp,-34.5322,20.0403,142.37777777777777,63,100,0.88,ZA,1680940510
90,hilo,19.7297,-155.09,146.11111111111111,89,75,1.54,US,1680940511
91,gao,16.6362,1.637,151.48333333333335,12,58,5.82,ML,1680940511
92,cape town,-33.9258,18.4232,143.8777777777778,70,75,5.14,ZA,1680940512
93,charters towers,-20.1,146.2667,150.55555555555554,29,28,2.52,AU,1680940512
94,asau,46.4333,26.4,135.36666666666667,77,88,1.54,RO,1680940513
95,preobrazheniye,42.9019,133.9064,136.64444444444445,42,98,2.19,RU,1680940513
96,muisne,0.6,-80.0333,147.74444444444444,86,92,1.05,EC,1680940513
97,jamestown,42.097,-79.2353,134.4,86,0,3.09,US,1680940277
98,san cristobal,7.7669,-72.225,145.3111111111111,69,95,0.29,VE,1680940514
99,awbari,26.5921,12.7805,147.72222222222223,18,0,6.98,LY,1680940514
100,kapaa,22.0752,-159.319,146.85,90,100,6.69,US,1680940515
101,tuktoyaktuk,69.4541,-133.0374,120.61666666666669,99,8,5.01,CA,1680940515
102,natal,-5.795,-35.2094,147.50555555555556,94,40,1.54,BR,1680940515
103,carnarvon,-24.8667,113.6333,147.13888888888889,54,0,5.35,AU,1680940516
104,khatanga,71.9667,102.5,124.31666666666668,89,100,6.26,RU,1680940517
105,pompeu,-19.2244,-44.9353,143.79444444444442,91,35,1.17,BR,1680940517
106,vostok,46.4856,135.8833,134.86666666666667,36,6,3.58,RU,1680940517
107,upata,8.0086,-62.3989,146.3777777777778,88,100,3.09,VE,1680940518
108,bereda,43.2686,-7.5406,140.88888888888889,61,100,0.59,ES,1680940519
109,lompoc,34.6391,-120.4579,140.86111111111111,84,0,1.34,US,1680940519
110,shetpe,44.1667,52.1167,140.87777777777777,69,94,2.18,KZ,1680940520
111,kodiak,57.79,-152.4072,133.26666666666668,80,100,1.54,US,1680940520
112,siculeni,46.4167,25.75,135.61666666666667,84,89,1.44,RO,1680940521
113,avarua,-21.2078,-159.775,148.9888888888889,83,20,6.17,CK,1680940521
114,perpignan,42.75,2.75,141.9388888888889,62,0,0.51,FR,1680940521
115,georgetown,5.4112,100.3354,152.28333333333336,66,20,4.63,MY,1680940522
116,san quintin,30.4833,-115.95,141.26666666666665,88,99,4.33,MX,1680940523
117,san patricio,28.017,-97.5169,142.81666666666666,96,100,4.63,US,1680940524
118,qiongshan,20.0058,110.3542,146.18888888888887,94,100,6.0,CN,1680940524
119,saint george,37.1041,-113.5841,141.3777777777778,45,0,0.45,US,1680940355
120,phonhong,18.5007,102.4166,153.19444444444446,40,100,4.14,LA,1680940525
121,armidale,-30.5167,151.65,141.55555555555554,62,43,5.59,AU,1680940358
122,havre-saint-pierre,50.2334,-63.5986,130.63888888888889,49,0,7.2,CA,1680940525
123,east london,-33.0153,27.9116,145.37222222222223,68,20,4.12,ZA,1680940526
124,jumla,29.2747,82.1838,144.44444444444446,19,49,4.42,NP,1680940526
125,seredka,58.1584,28.1858,139.45,62,6,1.1,RU,1680940527
126,sur,22.5667,59.5289,149.75,53,61,3.79,OM,1680940527
127,salina cruz,16.1667,-95.2,148.6611111111111,73,0,5.16,MX,1680940527
128,khandyga,62.6667,135.6,131.67777777777778,78,99,4.04,RU,1680940528
129,saskylakh,71.9167,114.0833,124.09444444444443,93,100,6.51,RU,1680940528
130,texarkana,33.4251,-94.0477,141.81666666666666,60,100,3.09,US,1680940529
131,coos bay,43.3665,-124.2179,138.64444444444445,94,100,2.57,US,1680940529
132,barcelos,41.5388,-8.6151,141.33333333333334,54,100,1.21,PT,1680940342
133,waingapu,-9.6567,120.2641,148.89444444444445,80,100,1.6,ID,1680940530
134,eyl,7.9803,49.8164,150.79444444444445,55,65,5.47,SO,1680940530
135,severo-kurilsk,50.6789,156.125,135.07777777777775,98,100,3.86,RU,1680940438
136,vila franca do campo,37.7167,-25.4333,139.65555555555557,74,98,2.0,PT,1680940531
137,port augusta,-32.5,137.7667,144.44444444444446,56,37,8.28,AU,1680940532
138,mildura,-34.2,142.15,144.17777777777778,56,5,9.88,AU,1680940532
139,klyuchi,52.2667,79.1667,133.62777777777777,33,0,4.44,RU,1680940533
140,saint-augustin,51.226,-58.6502,130.64444444444447,62,100,9.12,CA,1680940533
141,isangel,-19.55,169.2667,148.69444444444446,80,37,1.11,VU,1680940534
142,kattivakkam,13.2167,80.3167,152.33333333333334,72,7,4.86,IN,1680940534
143,mount gambier,-37.8333,140.7667,141.0222222222222,70,94,5.54,AU,1680940535
144,bilimora,20.7672,72.9693,155.05555555555554,24,2,5.6,IN,1680940535
145,barrow,71.2906,-156.7887,120.64444444444445,77,0,5.14,US,1680940427
146,nanortalik,60.1432,-45.2371,132.67777777777778,93,100,0.88,GL,1680940536
147,jalu,29.0331,21.5482,144.83333333333334,42,99,9.68,LY,1680940536
148,thompson,55.7435,-97.8558,131.8,63,20,3.6,CA,1680940537
149,saint-joseph,-21.3667,55.6167,149.85555555555555,79,30,3.51,RE,1680940537
150,hithadhoo,-0.6,73.0833,149.63333333333333,62,25,1.56,MV,1680940537
151,geraldton,-28.7667,114.6,146.8777777777778,53,0,6.17,AU,1680940509
152,knysna,-34.0363,23.0471,142.41666666666666,91,100,3.68,ZA,1680940538
153,port alfred,-33.5906,26.891,145.13888888888889,83,78,1.34,ZA,1680940538
154,burns lake,54.2331,-125.7533,134.35,94,100,1.17,CA,1680940506
155,paka,4.6374,103.4368,151.7277777777778,66,40,3.6,MY,1680940539
156,caucaia,-3.7361,-38.6531,147.56111111111113,87,40,1.54,BR,1680940540
157,sao miguel do araguaia,-13.275,-50.1628,145.93333333333334,95,100,1.17,BR,1680940540
158,yining,29.0361,114.5636,145.86666666666667,41,7,1.24,CN,1680940541
159,vaini,-21.2,-175.2,148.46666666666667,100,20,2.06,TO,1680940541
160,vao,-22.6667,167.4833,148.01111111111112,74,8,4.9,NC,1680940541
161,oussouye,12.485,-16.5469,146.25,67,57,3.41,SN,1680940542
162,asadabad,34.7824,48.1185,144.5111111111111,25,3,5.94,IR,1680940542
163,bol,13.4586,14.7147,149.70555555555558,53,44,1.72,TD,1680940543
164,yuanping,38.7153,112.7575,142.9777777777778,13,0,1.43,CN,1680940543
165,morroa,9.3335,-75.3054,147.14444444444447,85,100,1.45,CO,1680940543
166,butaritari,3.0707,172.7902,149.2888888888889,81,100,7.64,KI,1680940544
167,saint-philippe,-21.3585,55.7679,149.95555555555558,80,34,4.21,RE,1680940544
168,ponta do sol,32.6667,-17.1,143.61111111111111,65,65,1.97,PT,1680940545
169,kirakira,-10.4544,161.9205,149.38888888888889,80,38,2.45,SB,1680940545
170,lagos,6.5833,3.75,149.0722222222222,74,100,2.63,NG,1680940314
171,thinadhoo,0.5333,72.9333,149.62777777777777,66,37,0.97,MV,1680940545
172,north bend,43.4065,-124.2243,138.6222222222222,94,100,2.57,US,1680940547
173,khatassy,61.9036,129.6383,132.85555555555553,92,100,5.66,RU,1680940547
174,amarpur,25.0333,86.9,155.10555555555555,7,95,5.35,IN,1680940547
175,rabo de peixe,37.8,-25.5833,139.3777777777778,71,20,3.09,PT,1680940547
176,alice springs,-23.7,133.8833,150.39444444444445,29,87,5.14,AU,1680940548
177,obala,4.1667,11.5333,148.0722222222222,79,100,1.88,CM,1680940548
178,pisco,-13.7,-76.2167,146.76666666666668,88,58,4.12,PE,1680940549
179,tawang,27.5833,91.8667,142.0611111111111,43,79,3.41,IN,1680940549
180,superior,46.7208,-92.1041,133.44444444444446,82,0,6.69,US,1680940500
181,hoi an,15.8794,108.335,150.6277777777778,75,2,4.8,VN,1680940549
182,bondo,3.8146,23.6866,150.0,55,100,0.94,CD,1680940550
183,portland,45.5234,-122.6762,138.60000000000002,86,44,2.68,US,1680940042
184,dingle,10.9995,122.6711,150.51111111111112,61,64,5.9,PH,1680940551
185,samarai,-10.6167,150.6667,149.39444444444447,77,100,3.97,PG,1680940551
186,port elizabeth,-33.918,25.5701,145.17777777777778,86,100,2.57,ZA,1680940401
187,axim,4.8699,-2.2405,149.47222222222223,78,100,2.43,GH,1680940551
188,provideniya,64.3833,-173.3,119.33333333333333,94,24,2.82,RU,1680940552
189,roald,62.5833,6.1333,138.88333333333333,65,0,1.03,NO,1680940553
190,forest park,39.2903,-84.5041,137.38333333333333,68,0,2.57,US,1680940553
191,ancud,-41.8697,-73.8203,138.30555555555554,89,42,1.33,CL,1680940494
192,puerto el triunfo,13.2833,-88.55,148.10555555555553,62,28,0.71,SV,1680940554
193,bambous virieux,-20.3428,57.7575,150.39444444444445,70,40,4.12,MU,1680940554
194,manokwari,-0.8667,134.0833,149.2111111111111,78,97,2.16,ID,1680940554
195,severodvinsk,64.5635,39.8302,136.78333333333333,88,14,3.76,RU,1680940555
196,nantucket,41.2835,-70.0995,136.79444444444445,58,0,6.69,US,1680940373
197,tara,56.8944,74.371,132.9,51,100,6.27,RU,1680940555
198,mecca,21.4267,39.8261,151.45555555555555,41,60,3.8,SA,1680940556
199,hofn,64.2539,-15.2082,137.27777777777777,96,100,0.11,IS,1680940556
200,hlotse,-28.8718,28.045,146.8777777777778,30,6,2.29,LS,1680940557
201,antofagasta,-23.65,-70.4,144.86111111111111,91,8,0.67,CL,1680940323
202,lavrentiya,65.5833,-171.0,119.33888888888889,96,86,2.7,RU,1680940557
203,tazovskiy,67.4667,78.7,121.31666666666666,88,19,7.09,RU,1680940558
204,ocampo,21.65,-101.5,140.53333333333333,62,0,1.54,MX,1680940558
205,umm lajj,25.0213,37.2685,151.76111111111112,34,0,2.34,SA,1680940558
206,polovinnoye,54.7914,65.9864,135.04999999999998,23,13,4.49,RU,1680940558
207,kaitangata,-46.2817,169.8464,139.52777777777777,85,68,4.55,NZ,1680940559
208,lumberton,34.6182,-79.0086,139.1888888888889,93,100,4.63,US,1680940559
209,talnakh,69.4865,88.3972,120.14444444444445,85,25,2.18,RU,1680940559
210,buala,-8.145,159.5921,149.11111111111111,82,88,2.07,SB,1680940560
211,mayumba,-3.432,10.6554,149.58333333333334,77,75,1.5,GA,1680940560
212,naze,28.3667,129.4833,143.14444444444447,57,0,9.9,JP,1680940560
213,columbus,39.9612,-82.9988,135.8,62,100,3.6,US,1680940265
214,benemerito de las americas,16.5167,-90.6439,144.73333333333332,90,0,0.47,MX,1680940367
215,cabo san lucas,22.8909,-109.9124,145.55,52,8,4.73,MX,1680940357
216,fairbanks,64.8378,-147.7164,126.19444444444444,61,20,2.06,US,1680940502
217,maurawan,26.4333,80.8833,152.3166666666667,9,48,3.99,IN,1680940562
218,leningradskiy,69.3833,178.4167,120.01666666666668,99,99,3.44,RU,1680940562
219,kizukuri,40.8061,140.3861,138.27777777777777,89,100,4.78,JP,1680940563
220,anadyr,64.75,177.4833,120.79444444444445,84,20,1.0,RU,1680940563
221,ndago,-4.6,34.35,146.85555555555553,63,11,3.45,TZ,1680940564
222,ixtapa,20.7,-105.2,146.07777777777778,81,0,1.0,MX,1680940565
223,uray,60.1247,64.7758,135.97222222222223,58,21,5.91,RU,1680940565
224,camabatela,-8.1881,15.375,144.75,83,100,2.47,AO,1680940566
225,lesogorsk,56.0458,99.5136,131.71666666666664,49,81,2.73,RU,1680940566
226,taoudenni,22.6783,-3.9836,147.40555555555554,22,100,6.36,ML,1680940566
227,santo domingo,18.5001,-69.9886,145.7111111111111,97,93,0.6,DO,1680940565
228,berezovyy,51.6667,135.7,133.99444444444444,73,100,3.04,RU,1680940568
229,williamsport,41.2412,-77.0011,135.0888888888889,70,0,1.54,US,1680940568
230,verkhoyansk,67.5447,133.385,127.63888888888889,75,92,2.14,RU,1680940568
231,esperance,-33.8667,121.9,142.43333333333334,88,100,5.06,AU,1680940569
232,katsuura,35.1333,140.3,142.8,56,63,8.12,JP,1680940569
233,bonavista,48.6499,-53.1147,133.1222222222222,82,8,9.63,CA,1680940569
234,xapuri,-10.6517,-68.5044,146.0388888888889,100,100,0.59,BR,1680940569
235,ladario,-19.0047,-57.6017,145.3,97,100,1.06,BR,1680940570
236,filadelfia,39.9523,-75.1638,137.69444444444446,48,0,5.66,US,1680940571
237,bilma,18.6853,12.9164,152.58333333333334,7,63,2.68,NE,1680940571
238,dunedin,-45.8742,170.5036,140.52222222222224,79,100,8.38,NZ,1680940395
239,dikson,73.5069,80.5464,119.46111111111112,82,6,3.39,RU,1680940572
240,hobyo,5.3505,48.5268,150.65555555555557,55,14,6.39,SO,1680940573
241,gravdal,68.1214,13.5031,136.38888888888889,87,99,4.65,NO,1680940574
242,tilichiki,60.4667,166.1,125.41111111111111,98,42,1.1,RU,1680940574
243,plastun,44.7561,136.2939,137.82777777777775,37,100,3.14,RU,1680940575
244,mogadishu,2.0371,45.3438,151.15555555555554,70,40,3.6,SO,1680940575
245,tura,25.5198,90.2201,152.5111111111111,15,11,2.36,IN,1680940575
246,dzerzhinskoye,56.8344,95.2283,131.41666666666666,50,60,2.24,RU,1680940575
247,rock sound,24.9,-76.2,147.26666666666665,79,1,6.5,BS,1680940576
248,zunheboto,25.9667,94.5167,148.63888888888889,24,0,2.08,IN,1680940576
249,santa fe do sul,-20.2111,-50.9258,145.38888888888889,95,100,2.02,BR,1680940577
250,jinchang,38.4953,102.1739,143.2722222222222,9,18,4.63,CN,1680940577
251,humboldt,40.6665,-123.9178,135.80555555555554,97,84,1.92,US,1680940577
252,vagur,61.4732,-6.8119,138.0,91,63,11.78,FO,1680940570
253,garden city,42.3256,-83.331,134.87777777777777,83,0,1.54,US,1680940578
254,vardo,70.3705,31.1107,135.07777777777775,87,100,8.75,NO,1680940578
255,faanui,-16.4833,-151.75,149.8166666666667,76,31,10.34,PF,1680940579
256,guerrero negro,27.9769,-114.0611,141.36111111111111,81,1,4.94,MX,1680940579
257,srednekolymsk,67.45,153.6833,127.2722222222222,94,97,3.87,RU,1680940580
258,labuan,5.2767,115.2417,150.75,66,20,3.6,MY,1680940580
259,los amates,15.2667,-89.1,145.85555555555555,91,24,0.9,GT,1680940581
260,zavitinsk,50.1167,129.45,137.7111111111111,26,0,3.06,RU,1680940582
261,hay river,60.8156,-115.7999,137.85555555555553,53,75,5.66,CA,1680940582
262,bintulu,3.1667,113.0333,147.9888888888889,94,40,0.0,MY,1680940583
263,crestview,30.7621,-86.5705,147.08333333333334,93,75,2.57,US,1680940512
264,nabire,-3.3667,135.4833,149.17777777777778,78,82,1.11,ID,1680940584
265,klaksvik,62.2266,-6.589,138.70000000000002,92,92,12.06,FO,1680940584
266,san luis,-33.295,-66.3356,144.21666666666664,69,8,5.41,AR,1680940510
267,gizo,-8.103,156.8419,149.89444444444445,70,58,2.0,SB,1680940584
268,escanaba,45.7453,-87.0646,134.06666666666666,93,40,0.0,US,1680940291
269,hailar,49.2,119.7,142.5888888888889,12,5,7.22,CN,1680940585
270,luderitz,-26.6481,15.1594,144.92777777777778,64,19,10.1,NA,1680940586
271,camacha,33.0833,-16.3333,142.6833333333333,55,75,3.6,PT,1680940586
272,port shepstone,-30.7414,30.455,147.14999999999998,66,5,4.69,ZA,1680940587
273,necochea,-38.5473,-58.7368,142.56111111111113,74,59,4.01,AR,1680940587
274,wanning,18.8003,110.3967,147.36111111111111,90,82,5.45,CN,1680940587
275,jati,24.3539,68.2671,153.80555555555554,16,0,3.09,PK,1680940588
276,cherskiy,68.75,161.3,121.22222222222223,100,36,2.51,RU,1680940589
277,sibolga,1.7427,98.7792,150.55,62,72,1.98,ID,1680940589
278,zhigansk,66.7697,123.3711,125.46666666666664,76,100,6.93,RU,1680940589
279,mnogovershinnyy,53.9353,139.9242,131.17222222222225,80,100,3.25,RU,1680940589
280,caravelas,-17.7125,-39.2481,146.5,93,4,1.33,BR,1680940590
281,silifke,36.3778,33.9344,143.87222222222223,44,84,2.66,TR,1680940591
282,berlevag,70.8578,29.0864,136.19444444444446,87,100,8.23,NO,1680940591
283,ola,59.5833,151.2833,130.36111111111111,79,4,0.08,RU,1680940592
284,lorengau,-2.0226,147.2712,149.36111111111111,76,99,3.21,PG,1680940592
285,namibe,-15.1961,12.1522,147.97222222222223,75,100,2.28,AO,1680940593
286,karasjok,69.4719,25.5112,134.9888888888889,92,100,2.93,NO,1680940594
287,smoky lake,54.1169,-112.4686,135.30555555555554,80,100,5.66,CA,1680940511
288,sarahan,31.5167,77.8,144.26111111111112,18,1,3.39,IN,1680940595
289,padang,-0.9492,100.3543,151.2111111111111,68,48,2.95,ID,1680940595
290,kichera,55.9375,110.0997,131.66666666666666,57,87,4.85,RU,1680940595
291,sorland,67.667,12.6934,136.70555555555555,82,98,6.97,NO,1680940595
292,atar,20.5169,-13.0499,147.64444444444445,20,100,2.43,MR,1680940596
293,tiznit,29.5833,-9.5,143.88333333333333,49,100,1.94,MA,1680940596
294,narsaq,60.9167,-46.05,133.48333333333332,85,59,3.01,GL,1680940596
295,petrolina de goias,-16.095,-49.3381,145.97777777777776,95,100,0.42,BR,1680940597
296,saint-pierre,-21.3393,55.4781,150.19444444444446,70,0,5.66,RE,1680940598
297,sao filipe,14.8961,-24.4956,145.94444444444446,78,100,6.15,CV,1680940598
298,parkes,-33.1333,148.1833,143.95555555555555,57,63,6.87,AU,1680940598
299,leh,34.1667,77.5833,134.15,47,2,1.92,IN,1680940598
300,cortez,37.3489,-108.5859,138.81666666666666,63,75,1.54,US,1680940599
301,nome,64.5011,-165.4064,118.99444444444445,69,0,0.0,US,1680940599
302,te anau,-45.4167,167.7167,138.98333333333335,86,70,0.84,NZ,1680940600
303,constitucion,-35.3333,-72.4167,141.82777777777778,46,2,2.64,CL,1680940600
304,pierre,44.3683,-100.351,133.61666666666667,87,0,6.26,US,1680940497
305,finschhafen,-6.6024,147.8681,149.3111111111111,83,90,2.37,PG,1680940601
306,rawson,-43.3002,-65.1023,141.62222222222223,66,100,7.61,AR,1680940602
307,chambersburg,39.9376,-77.6611,137.38333333333333,58,100,1.34,US,1680940327
308,broome,42.2506,-75.833,133.53333333333336,69,0,2.06,US,1680940603
309,lagoa,39.05,-27.9833,141.34444444444446,55,20,5.47,PT,1680940603
310,quang ngai,15.1167,108.8,150.23333333333335,62,0,4.02,VN,1680940604
311,riyadh,24.6877,46.7219,148.4611111111111,34,100,7.68,SA,1680940403
312,salalah,17.0151,54.0924,150.38888888888889,61,47,4.84,OM,1680940605
313,baglung,28.2719,83.5898,149.72222222222223,19,5,3.81,NP,1680940605
314,alofi,-19.0595,-169.9187,147.2722222222222,94,40,1.54,NU,1680940605
315,flinders,-34.5833,150.8552,145.7555555555556,57,34,4.47,AU,1680940606
316,lixourion,38.2019,20.4314,141.10555555555555,58,100,2.02,GR,1680940606
317,kantunilkin,21.0917,-87.45,144.63888888888889,98,3,1.27,MX,1680940607
318,prajeni,47.5167,27.0167,137.63888888888889,100,100,1.19,RO,1680940607
319,ouadda,8.0777,22.4007,152.88333333333333,20,71,1.91,CF,1680940608
320,aasiaat,68.7098,-52.8699,127.33333333333333,89,100,2.03,GL,1680940608
321,bure,10.7,37.0667,148.58333333333334,30,90,2.49,ET,1680940609
322,karratha,-20.7377,116.8463,152.20555555555558,39,22,7.6,AU,1680940609
323,belaya gora,68.5333,146.4167,127.45000000000002,94,96,1.12,RU,1680940609
324,eureka,40.8021,-124.1637,138.60555555555555,94,92,0.45,US,1680940411
325,cumra,37.5732,32.7745,139.02777777777777,57,100,1.46,TR,1680940610
326,coahuayana,18.7333,-103.6833,145.26666666666668,76,0,1.73,MX,1680940611
327,sohag,26.557,31.6948,149.0611111111111,7,79,3.29,EG,1680940611
328,igarka,67.4667,86.5833,121.89444444444445,77,6,6.98,RU,1680940611
329,vuktyl,63.8567,57.3094,134.6611111111111,97,100,3.87,RU,1680940612
330,aswan,24.0934,32.907,149.3111111111111,11,0,3.09,EG,1680940613
331,ketchikan,55.3422,-131.6461,137.45000000000002,70,100,3.6,US,1680940613
332,seoul,37.5683,126.9778,142.11666666666667,31,0,6.69,KR,1680940224
333,alcacer do sal,38.3733,-8.5144,142.1888888888889,59,11,1.96,PT,1680940614
334,tarakan,3.3,117.6333,152.14999999999998,62,20,2.06,ID,1680940614
335,bayir,37.2687,28.2167,139.6888888888889,53,100,1.69,TR,1680940614
336,kenai,60.5544,-151.2583,132.33333333333334,66,100,1.54,US,1680940615
337,sangar,63.9242,127.4739,129.39444444444447,91,100,8.24,RU,1680940615
338,mugango,-1.6833,33.7,147.91666666666666,58,11,3.72,TZ,1680940615
339,hami,42.8,93.45,144.72222222222223,7,31,4.2,CN,1680940616
340,hambantota,6.1241,81.1185,151.1222222222222,57,88,6.97,LK,1680940616
341,kalevala,65.2,31.1667,134.53333333333336,95,47,2.68,RU,1680940617
342,ust-kut,56.7938,105.7672,130.02777777777777,58,100,5.27,RU,1680940617
343,birin,26.8865,88.0718,147.47777777777776,23,54,3.64,NP,1680940618
344,port lincoln,-34.7333,135.8667,143.38888888888889,61,92,6.65,AU,1680940618
345,qui nhon,13.7667,109.2333,149.5611111111111,69,1,4.26,VN,1680940618
346,turukhansk,65.8167,87.9833,126.78333333333333,76,100,7.65,RU,1680940618
347,dinanagar,32.15,75.4667,151.60000000000002,17,0,1.66,IN,1680940619
348,horta,38.5333,-28.6333,140.52777777777777,74,40,3.09,PT,1680940619
349,pangoa,-12.1167,-73.0,144.51666666666668,99,100,0.35,PE,1680940620
350,zhanaozen,43.3,52.8,142.95555555555555,49,2,1.69,KZ,1680940620
351,balti,47.7617,27.9289,138.79444444444442,66,49,1.19,MD,1680940620
352,tautira,-17.7333,-149.15,149.96666666666667,74,83,9.93,PF,1680940621
353,san jose,37.3394,-121.895,141.0,81,100,4.02,US,1680940622
354,prince rupert,54.3161,-130.3201,137.88888888888889,68,100,7.72,CA,1680940622
355,talara,-4.5772,-81.2719,148.64444444444445,76,21,0.2,PE,1680940623
356,medford,42.3265,-122.8756,138.88888888888889,81,100,2.06,US,1680940623
357,malkara,40.89,26.9011,140.04999999999998,63,6,3.28,TR,1680940624
358,olinda,-8.0089,-34.8553,147.77777777777777,88,75,1.03,BR,1680940396
359,ostrovnoy,68.0531,39.5131,134.97777777777776,85,80,8.42,RU,1680940624
360,kahului,20.8947,-156.47,147.19444444444446,70,75,2.68,US,1680940625
361,lodja,-3.4833,23.4333,150.41111111111113,56,21,1.04,CD,1680940625
362,pisticci,40.3906,16.5568,140.3,61,96,0.75,IT,1680940626
363,kokopo,-4.352,152.2633,148.86111111111111,77,100,0.82,PG,1680940626
364,norman wells,65.282,-126.8329,129.5388888888889,67,75,3.6,CA,1680940627
365,henties bay,-22.116,14.2845,143.45,82,47,1.99,NA,1680940627
366,edd,13.9297,41.6925,152.23888888888888,53,75,3.79,ER,1680940628
367,sainte-suzanne,-20.9061,55.6089,150.69444444444446,79,20,6.17,RE,1680940628
368,clyde river,70.4692,-68.5914,120.71111111111112,77,75,6.69,CA,1680940629
369,northam,51.0333,-4.2167,139.40555555555557,80,100,5.76,GB,1680940629
370,aykhal,66.0,111.5,122.41111111111111,80,100,6.34,RU,1680940630
371,biak,-0.9131,122.8766,149.85555555555555,66,97,2.64,ID,1680940631
372,praia,14.9215,-23.5087,145.80555555555554,73,20,7.2,CV,1680940631
373,souillac,-20.5167,57.5167,150.20000000000002,70,40,4.12,MU,1680940631
374,tatawin,32.9297,10.4518,141.8722222222222,76,90,7.16,TN,1680940632
375,ibipeba,-11.6408,-42.0111,144.28333333333333,96,48,1.99,BR,1680940632
376,chalons-en-champagne,48.9539,4.3672,138.39444444444447,98,2,3.02,FR,1680940633
377,great yarmouth,52.6083,1.7305,138.75555555555556,87,96,3.21,GB,1680940633
378,chaumont,48.1167,5.1333,138.35555555555555,85,6,2.67,FR,1680940633
379,buckeye,33.3703,-112.5838,145.02222222222224,30,6,1.5,US,1680940559
380,ribeira grande,38.5167,-28.7,140.7611111111111,66,40,3.09,PT,1680940634
381,belmonte,-15.8631,-38.8828,147.23888888888888,86,15,0.25,BR,1680940635
382,pochutla,15.7432,-96.4661,147.49444444444444,64,3,0.69,MX,1680940635
383,chiredzi,-21.05,31.6667,150.61666666666667,32,0,1.88,ZW,1680940635
384,malinyi,-8.9333,36.1333,147.76111111111112,87,87,1.19,TZ,1680940635
385,aksu,41.1231,80.2644,144.76666666666665,11,0,1.9,CN,1680940636
386,arraial do cabo,-22.9661,-42.0278,147.0611111111111,86,98,3.25,BR,1680940450
387,sunrise manor,36.2111,-115.0731,144.83333333333334,20,0,3.6,US,1680940637
388,anloga,5.7947,0.8973,149.90555555555554,76,100,6.44,GH,1680940638
389,fare,-16.7,-151.0167,149.6,77,43,9.69,PF,1680940639
390,itoman,26.1247,127.6694,145.7555555555556,49,40,10.29,JP,1680940639
391,haines junction,60.7522,-137.5108,133.95555555555555,55,98,3.09,CA,1680940639
392,linxia,35.6003,103.2064,143.95555555555555,23,1,3.28,CN,1680940640
393,mehamn,71.0357,27.8492,136.17777777777778,93,100,9.77,NO,1680940641
394,tarbagatay,51.4803,107.3602,139.6777777777778,50,89,7.64,RU,1680940641
395,jiangyou,31.7667,104.7167,143.69444444444446,59,100,3.02,CN,1680940641
396,egvekinot,66.3167,-179.1667,118.70555555555555,97,39,2.73,RU,1680940642
397,lieksa,63.3167,30.0167,134.04444444444442,94,100,1.36,FI,1680940642
398,sobolevo,54.4299,31.8996,139.31666666666666,62,97,3.74,RU,1680940643
399,acapulco,16.8634,-99.8901,147.55555555555554,67,0,1.58,MX,1680940643
400,papara,-3.9839,-38.7273,147.14444444444447,97,84,1.09,BR,1680940643
401,winnemucca,40.973,-117.7357,137.14999999999998,63,100,2.75,US,1680940644
402,cedar city,37.6775,-113.0619,137.8,45,100,3.09,US,1680940471
403,ankang,32.68,109.0172,145.90555555555557,42,64,3.25,CN,1680940644
404,isiro,2.7739,27.616,151.22222222222223,43,100,1.87,CD,1680940645
405,yerbogachen,61.2767,108.0108,124.81111111111113,79,100,7.46,RU,1680940645
406,asfi,32.2994,-9.2372,143.97222222222223,74,96,1.12,MA,1680940646
407,lincoln,40.8,-96.667,139.87777777777777,44,0,5.66,US,1680940453
408,kibala,9.1104,18.3463,150.6222222222222,51,0,3.09,TD,1680940646
409,chandler,33.3062,-111.8412,145.5388888888889,26,0,2.06,US,1680940582
410,da lat,11.9465,108.4419,149.10555555555553,29,2,3.05,VN,1680940647
411,prijepolje,43.3719,19.6406,137.27777777777777,84,100,0.28,RS,1680940647
412,vicuna,-30.0319,-70.7081,145.16666666666666,47,0,0.37,CL,1680940648
413,mabaruma,8.2,-59.7833,146.30555555555554,82,99,1.53,GY,1680940648
414,myre,69.1036,15.9492,136.40555555555554,96,100,8.24,NO,1680940648
415,ankazoabo,-22.2833,44.5167,149.6,63,82,1.44,MG,1680940649
416,kabanjahe,3.1001,98.4908,146.34444444444446,78,100,1.85,ID,1680940649
417,huarmey,-10.0681,-78.1522,147.90555555555557,81,100,2.89,PE,1680940650
418,abu zabad,12.35,29.25,153.33888888888887,6,99,6.68,SD,1680940651
419,acarau,-2.8856,-40.12,147.33888888888887,91,48,2.79,BR,1680940651
420,enugu,6.4402,7.4943,148.70000000000002,78,100,2.48,NG,1680940500
421,marsh harbour,26.5412,-77.0636,147.25,78,1,6.56,BS,1680940652
422,yazykovo,55.2199,56.1353,136.81666666666666,28,14,2.38,RU,1680940653
423,pevek,69.7008,170.3133,118.71666666666667,100,15,0.59,RU,1680940653
424,owando,-0.4819,15.8999,150.41111111111113,61,100,1.37,CG,1680940654
425,aquidauana,-20.4711,-55.7872,145.0,99,95,1.16,BR,1680940654
426,hamilton,39.1834,-84.5333,137.56666666666666,68,0,3.6,US,1680940655
427,puerto del rosario,28.5004,-13.8627,143.89444444444445,68,20,2.57,ES,1680940438
428,connersville,39.6412,-85.1411,136.85555555555553,69,100,2.68,US,1680940655
429,coihueco,-36.6167,-71.8333,140.39444444444445,29,28,1.03,CL,1680940615
430,kalmunai,7.4167,81.8167,150.52222222222224,58,91,4.11,LK,1680940656
431,ulaangom,49.9811,92.0667,132.05555555555554,74,100,2.09,MN,1680940656
432,neiafu,-18.65,-173.9833,149.40555555555557,81,21,6.93,TO,1680940657
433,grand gaube,-20.0064,57.6608,150.44444444444446,68,10,3.13,MU,1680940657
434,talcahuano,-36.7167,-73.1167,141.09444444444446,67,0,3.09,CL,1680940515
435,marang,5.2056,103.2059,152.27777777777777,63,30,3.63,MY,1680940658
436,ilulissat,69.2167,-51.1,126.75555555555557,83,100,0.69,GL,1680940658
437,amapa,1.0,-52.0,144.78333333333336,97,100,0.83,BR,1680940659
438,oksovskiy,62.6062,39.8984,136.02777777777777,68,14,2.77,RU,1680940660
439,khash,28.2211,61.2158,147.15555555555557,19,4,2.3,IR,1680940660
440,coruripe,-10.1256,-36.1756,147.60555555555555,91,98,0.97,BR,1680940660
441,muskegon,43.3,-86.1334,135.89999999999998,70,0,2.57,US,1680940460
442,kungurtug,50.5994,97.5228,137.85555555555553,46,100,1.62,RU,1680940661
443,tamandare,-8.7597,-35.1047,147.77777777777777,88,100,0.51,BR,1680940661
444,le vauclin,14.5452,-60.8388,147.50555555555556,83,75,4.12,MQ,1680940662
445,tyssedal,60.1165,6.562,135.78333333333336,53,95,1.46,NO,1680940662
446,chimore,-16.9833,-65.1333,145.25555555555556,97,100,0.88,BO,1680940663
447,bengkulu,-3.8004,102.2655,149.9888888888889,70,24,3.73,ID,1680940663
448,torbay,47.6666,-52.7314,133.8388888888889,80,20,10.29,CA,1680940663
449,zhangye,38.9342,100.4517,143.48888888888888,8,2,2.94,CN,1680940664
450,ambon,-3.6954,128.1814,150.68333333333334,66,40,2.06,ID,1680940664
451,marawi,7.9986,124.2928,147.23333333333332,78,90,2.62,PH,1680940665
452,canmore,51.0834,-115.3521,137.14444444444447,81,100,2.06,CA,1680940665
453,batemans bay,-35.7167,150.1833,145.42222222222222,49,89,3.36,AU,1680940666
454,sulangan,11.1373,123.7228,149.16111111111113,78,36,9.97,PH,1680940667
455,surt,31.2089,16.5887,143.5666666666667,72,45,7.97,LY,1680940667
456,bolshaya dzhalga,45.9695,42.6966,143.61111111111111,50,100,3.98,RU,1680940667
457,zyryanka,65.75,150.85,127.9611111111111,90,69,1.64,RU,1680940668
458,cururupu,-1.8283,-44.8683,146.35000000000002,98,100,0.78,BR,1680940668
459,tucuman,-26.8241,-65.2226,143.97222222222223,88,0,4.63,AR,1680940669
460,sayyan,15.1718,44.3244,144.82222222222222,49,55,2.03,YE,1680940669
461,cepu,-7.1475,111.5906,151.19444444444446,58,76,1.41,ID,1680940670
462,podporozhye,60.9112,34.1706,136.8,71,7,1.72,RU,1680940671
463,batagay,67.6333,134.6333,127.56111111111113,77,85,3.22,RU,1680940672
464,maniitsoq,65.4167,-52.9,132.79444444444442,65,100,5.59,GL,1680940672
465,zaozerne,45.1582,33.2787,140.01666666666665,65,92,4.86,UA,1680940673
466,hit,33.6416,42.8251,147.77222222222224,24,100,5.31,IQ,1680940673
467,winneba,5.3511,-0.6231,149.40555555555557,78,100,3.87,GH,1680940674
468,raghunathpur,23.55,86.6667,154.73888888888888,10,73,3.51,IN,1680940674
469,guryevsk,54.2833,85.9333,131.77777777777777,53,3,4.02,RU,1680940675
470,olafsvik,64.8945,-23.7142,137.3722222222222,84,63,13.32,IS,1680940638
471,port angeles,48.1181,-123.4307,138.9777777777778,73,40,1.54,US,1680940675
472,zhezkazgan,47.8043,67.7144,137.85555555555553,57,40,8.0,KZ,1680940676
473,san borja,-14.8167,-66.85,145.0888888888889,97,99,1.34,BO,1680940677
474,karpogory,64.0019,44.4451,135.1277777777778,88,47,3.69,RU,1680940677
475,beruwala,6.4788,79.9828,150.3388888888889,65,55,3.66,LK,1680940678
476,sakakah,29.9697,40.2064,149.39444444444447,16,0,5.66,SA,1680940678
477,castrovillari,39.8203,16.2123,140.23333333333335,59,99,1.55,IT,1680940678
478,yumen,40.2833,97.2,143.9777777777778,6,0,13.98,CN,1680940679
479,svetlogorsk,52.6333,29.7333,139.20555555555555,90,100,2.44,BY,1680940679
480,port-cartier,50.0334,-66.8654,129.98333333333335,70,9,6.32,CA,1680940679
481,cidreira,-30.1811,-50.2056,145.60555555555553,74,95,4.93,BR,1680940680
482,touros,-5.1989,-35.4608,147.58333333333334,92,100,2.89,BR,1680940681
483,sidhi,24.4167,81.8833,152.8222222222222,12,100,1.77,IN,1680940681
484,rundu,-17.9333,19.7667,148.86666666666667,32,100,3.07,NA,1680940682
485,anuchino,43.9622,133.0544,136.28333333333333,26,56,3.58,RU,1680940682
486,mkushi,-13.6202,29.3939,146.44444444444446,76,77,3.45,ZM,1680940682
487,kiama,-34.6833,150.8667,145.8166666666667,58,53,4.47,AU,1680940683
488,skowhegan,44.7651,-69.7192,133.58888888888887,74,2,2.69,US,1680940683
489,tete,-16.1564,33.5867,149.0,69,0,0.0,MZ,1680940684
490,takoradi,4.8845,-1.7554,149.2444444444444,81,100,2.5,GH,1680940685
491,puerto penasco,31.3167,-113.5333,142.27777777777777,76,100,1.34,MX,1680940685
492,erzin,36.9559,36.2,143.40555555555557,48,85,2.23,TR,1680940685
493,sisimiut,66.9395,-53.6735,128.3722222222222,85,100,6.6,GL,1680940686
494,pombas,17.1503,-25.0201,145.5722222222222,73,100,5.56,CV,1680940687
495,baishishan,43.5833,127.5667,138.63333333333333,21,6,4.71,CN,1680940687
496,leeuwarden,53.2014,5.8086,137.98333333333332,90,40,3.09,NL,1680940687
497,voznesenskoye,54.89,42.7569,139.12222222222223,47,9,3.92,RU,1680940688
498,smolenskaya,44.7887,38.8018,141.30555555555554,78,100,1.68,RU,1680940688
499,standerton,-26.9337,29.2415,147.7388888888889,25,0,0.52,ZA,1680940689
500,quatre cocos,-20.2078,57.7625,150.35555555555553,72,28,4.14,MU,1680940689
501,san andres,12.5847,-81.7006,148.42222222222225,78,20,4.63,CO,1680940573
502,emerald,-23.5333,148.1667,150.1277777777778,26,0,4.69,AU,1680940690
503,solnechnyy,50.7214,136.6319,133.58888888888887,73,99,3.18,RU,1680940690
504,margate,51.3813,1.3862,139.1888888888889,90,6,2.24,GB,1680940687
505,kindu,-2.95,25.95,149.48888888888888,69,100,0.62,CD,1680940691
506,coihaique,-45.5752,-72.0662,135.27222222222224,93,0,0.51,CL,1680940691
507,shingu,33.7333,135.9833,141.2888888888889,44,3,6.2,JP,1680940691
508,callaguip,18.0714,120.4867,152.86666666666667,43,40,5.14,PH,1680940692
509,bakaly,55.1789,53.8028,137.48333333333335,36,3,2.65,RU,1680940692
510,kuruman,-27.4524,23.4325,146.31666666666666,42,62,7.55,ZA,1680940693
511,sabang,5.8933,95.3214,149.86111111111111,68,71,3.85,ID,1680940693
512,ilam,26.9167,87.9167,149.0,23,36,3.81,NP,1680940693
513,college,64.8569,-147.8028,126.18888888888887,61,20,2.06,US,1680940694
514,vila velha,-20.3297,-40.2925,147.84444444444443,91,75,3.09,BR,1680940694
515,namatanai,-3.6667,152.4333,148.91111111111113,78,96,1.95,PG,1680940695
516,alta floresta,-9.8756,-56.0861,145.6277777777778,99,100,0.16,BR,1680940695
517,picota,-6.9197,-76.3304,145.98888888888888,100,100,0.41,PE,1680940695
518,quelimane,-17.8786,36.8883,149.5111111111111,74,40,5.36,MZ,1680940696
519,oktyabrskiy,54.4815,53.471,137.44444444444446,32,0,3.31,RU,1680940696
520,amga,60.8953,131.9608,133.68888888888887,82,100,5.92,RU,1680940697
521,pacific grove,36.6177,-121.9166,140.67222222222222,88,100,1.54,US,1680940697
522,kailua,21.4022,-157.7394,147.29999999999998,80,100,1.34,US,1680940535
523,santa maria,-29.6842,-53.8069,143.57777777777778,87,100,2.43,BR,1680940480
524,ambilobe,-13.2,49.05,151.20000000000002,60,75,1.58,MG,1680940698
525,saint-amand-les-eaux,50.4472,3.4308,139.22222222222223,72,100,1.25,FR,1680940698
526,mezen,65.8522,44.24,134.48333333333332,94,83,4.09,RU,1680940699
527,zachary,30.6485,-91.1565,143.44444444444446,94,100,4.63,US,1680940699
528,xinqing,48.2333,129.5,138.3,25,8,3.36,CN,1680940700
529,bad aibling,47.8638,12.0106,137.5888888888889,91,100,2.78,DE,1680940700
530,port blair,11.6667,92.75,151.20555555555558,66,40,4.12,IN,1680940700
531,iracoubo,5.4802,-53.2011,147.70555555555555,73,30,3.69,GF,1680940701
532,warud,21.4667,78.2667,150.51111111111112,30,100,4.59,IN,1680940701
533,pangai,-19.8,-174.35,149.15555555555557,84,60,6.12,TO,1680940701
534,lingyuan,41.24,119.4011,143.91666666666666,12,0,8.47,CN,1680940702
535,saint-louis,16.3333,-15.0,146.08333333333334,39,100,4.57,SN,1680940702
536,cornelio procopio,-23.1811,-50.6467,143.3722222222222,98,100,2.73,BR,1680940656
537,athabasca,54.7169,-113.2854,134.65555555555557,97,100,0.31,CA,1680940703
538,chapais,49.7834,-74.8492,126.12777777777777,97,63,2.15,CA,1680940703
539,kloulklubed,7.0419,134.2556,148.57222222222222,82,100,4.22,PW,1680940420
540,stokmarknes,68.5646,14.9108,136.18888888888887,93,75,5.14,NO,1680940704
541,abu dhabi,24.4667,54.3667,150.67222222222222,51,0,2.57,AE,1680940686
542,mango,27.9797,-82.3065,147.54999999999998,84,100,2.57,US,1680940451
543,saint-georges,12.0564,-61.7485,147.95,71,100,7.59,GD,1680940464
544,yulara,-25.2406,130.9889,150.41111111111113,20,13,4.11,AU,1680940706
545,sampit,-2.5333,112.95,150.7555555555556,62,99,1.31,ID,1680940706
546,canatlan,24.5167,-104.7833,139.7722222222222,34,0,1.86,MX,1680940707
547,lexington park,38.2668,-76.4538,138.87222222222223,85,0,2.57,US,1680940706
548,saint andrews,34.0454,-81.1293,139.0,78,100,5.66,US,1680940442
549,zella-mehlis,50.65,10.65,135.90555555555557,92,100,1.77,DE,1680940708
550,laguna,38.421,-121.4238,141.12777777777777,80,20,2.06,US,1680940425
551,staryy nadym,65.6118,72.6842,126.69999999999999,79,35,9.25,RU,1680940709
552,puerto colombia,10.9878,-74.9547,147.88888888888889,90,98,7.81,CO,1680940710
553,plymouth,41.8334,-70.8328,136.09444444444446,43,0,4.63,US,1680940285
554,aracuai,-16.8497,-42.0703,144.61666666666667,93,54,0.24,BR,1680940711
555,hualmay,-11.0964,-77.6139,147.60555555555555,80,67,2.95,PE,1680940711
556,ozernovskiy,51.5,156.5167,134.65555555555557,85,100,5.56,RU,1680940711
557,banepa,27.6298,85.5214,147.9611111111111,25,40,3.6,NP,1680940712
558,baykit,61.67,96.37,127.59444444444446,85,100,4.57,RU,1680940713
559,pemangkat,1.1667,108.9667,149.7611111111111,70,76,3.53,ID,1680940714
560,mlonggo,-6.5333,110.7,150.05555555555554,70,53,3.3,ID,1680940714
561,sabha,27.0377,14.4283,147.13333333333333,22,31,2.0,LY,1680940715
562,varca,15.2167,73.9167,152.30555555555554,55,40,4.12,IN,1680940715
563,banda aceh,5.5577,95.3222,149.78333333333336,73,97,4.32,ID,1680940715
564,sinnamary,5.3833,-52.95,147.33888888888887,77,60,3.33,GF,1680940716
565,comodoro rivadavia,-45.8667,-67.5,140.0388888888889,40,0,1.54,AR,1680940716
566,capinopolis,-18.6819,-49.5697,145.22222222222223,94,95,0.46,BR,1680940717
567,honiara,-9.4333,159.95,149.01111111111112,84,70,1.12,SB,1680940717
568,tuatapere,-46.1333,167.6833,138.94444444444446,88,4,0.63,NZ,1680940718
569,meridian,43.6121,-116.3915,137.83333333333334,85,0,2.57,US,1680940548
570,khuzhir,53.1939,107.3397,134.44444444444446,62,100,4.44,RU,1680940718
571,oksfjord,70.2396,22.3479,136.25,97,100,2.32,NO,1680940719
572,virginia beach,36.8529,-75.978,139.22222222222223,93,100,2.06,US,1680940673
573,tupik,54.4253,119.9327,135.7888888888889,87,100,4.52,RU,1680940719
574,vanavara,60.34,102.2797,127.02777777777777,76,100,6.27,RU,1680940720
575,cabatuan,10.8794,122.486,150.87777777777777,56,61,6.44,PH,1680940721
576,ouallam,14.3188,2.0866,152.33888888888887,15,19,5.86,NE,1680940721
577,poum,-20.2333,164.0167,148.2,64,3,2.68,NC,1680940721
578,ous,60.9058,61.5186,136.0388888888889,74,10,4.12,RU,1680940722
579,boende,-0.2167,20.8667,150.16111111111113,62,39,1.87,CD,1680940722
580,kraslava,55.8951,27.168,139.58333333333334,77,99,1.94,LV,1680940722
581,shimoda,34.6667,138.95,143.52777777777777,52,0,14.79,JP,1680940723
582,polson,47.6936,-114.1632,138.20555555555555,72,100,3.58,US,1680940723
583,araouane,18.9048,-3.5265,148.2555555555556,15,2,4.74,ML,1680940723
584,salinopolis,-0.6136,-47.3561,147.87222222222223,82,100,2.92,BR,1680940724
585,sanbu,33.4594,119.1453,143.69444444444446,33,12,2.23,CN,1680940724
586,raudeberg,61.9875,5.1352,136.95555555555555,70,90,1.95,NO,1680940724
587,prieska,-29.6641,22.7474,147.67222222222222,20,18,2.32,ZA,1680940725
